[{"@type":"mappingTemplate","id":"@1","name":"m_sales_bkp","description":"","bundleVersion":"0","templateId":"@3","deployTime":1712850732000,"hasParameters":false,"valid":true,"fixedConnection":true,"hasParametersDeployed":false,"fixedConnectionDeployed":true,"isSchemaValidationEnabled":false,"tasks":1,"mappingPreviewFileRecordId":"@2","documentType":"MAPPING","references":[{"@type":"reference","refObjectId":"@73OoXF7VyHFk3DxpZv6TM7","refType":"connection"},{"@type":"reference","refObjectId":"@8OUXEYyIxhhh2CvNykDLUM","refType":"connection"}]}]