[{"@type":"connection","id":"@1","name":"Flat_file_Con_Retail_Sale","description":"Sales Project","runtimeEnvironmentId":"@7ixyQ2FHuIfjrA415ZzccB","instanceDisplayName":"CSVFile","dateFormat":"MM/dd/yyyy HH:mm:ss","database":"C:\\Users\\ARCHANA\\OneDrive\\Desktop\\Meena\\Informatica\\IndustrialProject-1\\Class_Notes\\Class - 1","codepage":"UTF-8","shortDescription":"Sales Project","type":"CSVFile","port":0,"majorUpdateTime":"2024-03-31T02:19:11.000Z","timeout":60,"connParams":{"agentId":"012IZX08000000000002","agentGroupId":"012IZX25000000000002","orgId":"012IZX"},"internal":false,"federatedId":"73OoXF7VyHFk3DxpZv6TM7","retryNetworkError":false,"supportsCCIMultiGroup":false,"metadataBrowsable":true,"supportLabels":false,"vaultEnabled":false,"vaultEnabledParams":[]}]